-- ONLINE_MEMBER
INSERT INTO `ONLINE_MEMBER` (`MEMBER_NO`,`PASSWORD`,`NAME`,`AGE`,`SEX`,`ZIP`,`ADDRESS1`,`ADDRESS2`,`TEL`,`REGISTER_DATE`,`DELETE_FLG`,`LAST_UPD_DATE`) VALUES (1,'111','青森県太郎',11,'M','111-1111','青森県','1-1-1','111-1111-1111','2020-06-01','0','2020-06-01 05:02:09');
INSERT INTO `ONLINE_MEMBER` (`MEMBER_NO`,`PASSWORD`,`NAME`,`AGE`,`SEX`,`ZIP`,`ADDRESS1`,`ADDRESS2`,`TEL`,`REGISTER_DATE`,`DELETE_FLG`,`LAST_UPD_DATE`) VALUES (2,'222','岩手県太郎',12,'M','222-2222','岩手県','1-1-1','222-2222-2222','2020-06-02','0','2020-06-02 06:40:04');
INSERT INTO `ONLINE_MEMBER` (`MEMBER_NO`,`PASSWORD`,`NAME`,`AGE`,`SEX`,`ZIP`,`ADDRESS1`,`ADDRESS2`,`TEL`,`REGISTER_DATE`,`DELETE_FLG`,`LAST_UPD_DATE`) VALUES (3,'333','宮城県太郎',13,'M','333-3333','宮城県','1-1-1','333-3333-3333','2020-06-03','0','2020-06-03 08:46:47');
INSERT INTO `ONLINE_MEMBER` (`MEMBER_NO`,`PASSWORD`,`NAME`,`AGE`,`SEX`,`ZIP`,`ADDRESS1`,`ADDRESS2`,`TEL`,`REGISTER_DATE`,`DELETE_FLG`,`LAST_UPD_DATE`) VALUES (4,'444','秋田県太郎',14,'M','444-4444','秋田県','1-1-1','444-4444-4444','2020-06-04','0','2020-06-04 06:44:15');
INSERT INTO `ONLINE_MEMBER` (`MEMBER_NO`,`PASSWORD`,`NAME`,`AGE`,`SEX`,`ZIP`,`ADDRESS1`,`ADDRESS2`,`TEL`,`REGISTER_DATE`,`DELETE_FLG`,`LAST_UPD_DATE`) VALUES (5,'555','山形県太郎',15,'M','555-5555','山形県','1-1-1','555-5555-5555','2020-06-04','0','2020-06-04 06:45:10');
INSERT INTO `ONLINE_MEMBER` (`MEMBER_NO`,`PASSWORD`,`NAME`,`AGE`,`SEX`,`ZIP`,`ADDRESS1`,`ADDRESS2`,`TEL`,`REGISTER_DATE`,`DELETE_FLG`,`LAST_UPD_DATE`) VALUES (6,'666','福島県太郎',16,'M','666-6666','福島県','1-1-1','666-6666-6666','2020-06-01','0','2020-06-01 02:27:46');
INSERT INTO `ONLINE_MEMBER` (`MEMBER_NO`,`PASSWORD`,`NAME`,`AGE`,`SEX`,`ZIP`,`ADDRESS1`,`ADDRESS2`,`TEL`,`REGISTER_DATE`,`DELETE_FLG`,`LAST_UPD_DATE`) VALUES (7,'777','茨城県太郎',17,'M','777-7777','茨城県','1-1-1','777-7777-7777','2020-06-01','0','2020-06-01 02:27:46');
INSERT INTO `ONLINE_MEMBER` (`MEMBER_NO`,`PASSWORD`,`NAME`,`AGE`,`SEX`,`ZIP`,`ADDRESS1`,`ADDRESS2`,`TEL`,`REGISTER_DATE`,`DELETE_FLG`,`LAST_UPD_DATE`) VALUES (8,'888','栃木県太郎',18,'M','888-8888','栃木県','1-1-1','888-8888-8888','2020-06-01','0','2020-06-01 02:27:46');
INSERT INTO `ONLINE_MEMBER` (`MEMBER_NO`,`PASSWORD`,`NAME`,`AGE`,`SEX`,`ZIP`,`ADDRESS1`,`ADDRESS2`,`TEL`,`REGISTER_DATE`,`DELETE_FLG`,`LAST_UPD_DATE`) VALUES (9,'999','群馬県太郎',19,'M','999-9999','群馬県','1-1-1','999-9999-9999','2020-06-01','0','2020-06-01 02:27:46');
INSERT INTO `ONLINE_MEMBER` (`MEMBER_NO`,`PASSWORD`,`NAME`,`AGE`,`SEX`,`ZIP`,`ADDRESS1`,`ADDRESS2`,`TEL`,`REGISTER_DATE`,`DELETE_FLG`,`LAST_UPD_DATE`) VALUES (10,'000','埼玉県太郎',20,'M','000-0000','埼玉県','1-1-1','000-0000-0000','2020-06-01','0','2020-06-01 02:27:46');
INSERT INTO `ONLINE_MEMBER` (`MEMBER_NO`,`PASSWORD`,`NAME`,`AGE`,`SEX`,`ZIP`,`ADDRESS1`,`ADDRESS2`,`TEL`,`REGISTER_DATE`,`DELETE_FLG`,`LAST_UPD_DATE`) VALUES (11,'111','千葉県太郎',21,'M','111-1111','千葉県','1-1-1','111-1111-1111','2020-06-01','0','2020-06-01 02:27:46');
INSERT INTO `ONLINE_MEMBER` (`MEMBER_NO`,`PASSWORD`,`NAME`,`AGE`,`SEX`,`ZIP`,`ADDRESS1`,`ADDRESS2`,`TEL`,`REGISTER_DATE`,`DELETE_FLG`,`LAST_UPD_DATE`) VALUES (12,'222','東京都太郎',22,'M','222-2222','東京都','1-1-1','222-2222-2222','2020-06-01','0','2020-06-01 02:27:46');
INSERT INTO `ONLINE_MEMBER` (`MEMBER_NO`,`PASSWORD`,`NAME`,`AGE`,`SEX`,`ZIP`,`ADDRESS1`,`ADDRESS2`,`TEL`,`REGISTER_DATE`,`DELETE_FLG`,`LAST_UPD_DATE`) VALUES (13,'333','神奈川県太郎',23,'M','333-3333','神奈川県','1-1-1','333-3333-3333','2020-06-01','0','2020-06-01 02:27:46');
INSERT INTO `ONLINE_MEMBER` (`MEMBER_NO`,`PASSWORD`,`NAME`,`AGE`,`SEX`,`ZIP`,`ADDRESS1`,`ADDRESS2`,`TEL`,`REGISTER_DATE`,`DELETE_FLG`,`LAST_UPD_DATE`) VALUES (14,'444','新潟県太郎',24,'M','444-4444','新潟県','1-1-1','444-4444-4444','2020-06-01','0','2020-06-01 02:27:46');
INSERT INTO `ONLINE_MEMBER` (`MEMBER_NO`,`PASSWORD`,`NAME`,`AGE`,`SEX`,`ZIP`,`ADDRESS1`,`ADDRESS2`,`TEL`,`REGISTER_DATE`,`DELETE_FLG`,`LAST_UPD_DATE`) VALUES (15,'555','富山県太郎',25,'M','555-5555','富山県','1-1-1','555-5555-5555','2020-06-01','0','2020-06-01 02:27:46');
INSERT INTO `ONLINE_MEMBER` (`MEMBER_NO`,`PASSWORD`,`NAME`,`AGE`,`SEX`,`ZIP`,`ADDRESS1`,`ADDRESS2`,`TEL`,`REGISTER_DATE`,`DELETE_FLG`,`LAST_UPD_DATE`) VALUES (16,'666','石川県太郎',26,'M','666-6666','石川県','1-1-1','666-6666-6666','2020-06-01','0','2020-06-01 02:27:46');
INSERT INTO `ONLINE_MEMBER` (`MEMBER_NO`,`PASSWORD`,`NAME`,`AGE`,`SEX`,`ZIP`,`ADDRESS1`,`ADDRESS2`,`TEL`,`REGISTER_DATE`,`DELETE_FLG`,`LAST_UPD_DATE`) VALUES (17,'777','福井県太郎',27,'M','777-7777','福井県','1-1-1','777-7777-7777','2020-06-01','0','2020-06-01 02:27:46');
INSERT INTO `ONLINE_MEMBER` (`MEMBER_NO`,`PASSWORD`,`NAME`,`AGE`,`SEX`,`ZIP`,`ADDRESS1`,`ADDRESS2`,`TEL`,`REGISTER_DATE`,`DELETE_FLG`,`LAST_UPD_DATE`) VALUES (18,'888','山梨県花子',28,'F','888-8888','山梨県','1-1-1','888-8888-8888','2020-06-01','0','2020-06-01 02:27:46');
INSERT INTO `ONLINE_MEMBER` (`MEMBER_NO`,`PASSWORD`,`NAME`,`AGE`,`SEX`,`ZIP`,`ADDRESS1`,`ADDRESS2`,`TEL`,`REGISTER_DATE`,`DELETE_FLG`,`LAST_UPD_DATE`) VALUES (19,'999','長野県花子',29,'F','999-9999','長野県','1-1-1','999-9999-9999','2020-06-01','0','2020-06-01 02:27:46');
INSERT INTO `ONLINE_MEMBER` (`MEMBER_NO`,`PASSWORD`,`NAME`,`AGE`,`SEX`,`ZIP`,`ADDRESS1`,`ADDRESS2`,`TEL`,`REGISTER_DATE`,`DELETE_FLG`,`LAST_UPD_DATE`) VALUES (20,'000','岐阜県花子',30,'F','000-0000','岐阜県','1-1-1','000-0000-000','2020-06-04','0','2020-06-04 06:44:15');
INSERT INTO `ONLINE_MEMBER` (`MEMBER_NO`,`PASSWORD`,`NAME`,`AGE`,`SEX`,`ZIP`,`ADDRESS1`,`ADDRESS2`,`TEL`,`REGISTER_DATE`,`DELETE_FLG`,`LAST_UPD_DATE`) VALUES (21,'111','静岡県花子',31,'F','111-1111','静岡県','1-1-1','111-1111-1111','2020-06-04','0','2020-06-04 06:44:15');
INSERT INTO `ONLINE_MEMBER` (`MEMBER_NO`,`PASSWORD`,`NAME`,`AGE`,`SEX`,`ZIP`,`ADDRESS1`,`ADDRESS2`,`TEL`,`REGISTER_DATE`,`DELETE_FLG`,`LAST_UPD_DATE`) VALUES (22,'222','愛知県花子',32,'F','222-2222','愛知県','1-1-1','222-2222-2222','2020-06-04','0','2020-06-04 06:44:15');
INSERT INTO `ONLINE_MEMBER` (`MEMBER_NO`,`PASSWORD`,`NAME`,`AGE`,`SEX`,`ZIP`,`ADDRESS1`,`ADDRESS2`,`TEL`,`REGISTER_DATE`,`DELETE_FLG`,`LAST_UPD_DATE`) VALUES (23,'333','三重県花子',33,'F','333-3333','三重県','1-1-1','333-3333-3333','2020-06-04','0','2020-06-04 06:44:15');
INSERT INTO `ONLINE_MEMBER` (`MEMBER_NO`,`PASSWORD`,`NAME`,`AGE`,`SEX`,`ZIP`,`ADDRESS1`,`ADDRESS2`,`TEL`,`REGISTER_DATE`,`DELETE_FLG`,`LAST_UPD_DATE`) VALUES (24,'444','滋賀県花子',34,'F','444-4444','滋賀県','1-1-1','444-4444-4444','2020-06-04','0','2020-06-04 06:44:15');
INSERT INTO `ONLINE_MEMBER` (`MEMBER_NO`,`PASSWORD`,`NAME`,`AGE`,`SEX`,`ZIP`,`ADDRESS1`,`ADDRESS2`,`TEL`,`REGISTER_DATE`,`DELETE_FLG`,`LAST_UPD_DATE`) VALUES (25,'555','京都府花子',35,'F','555-5555','京都府','1-1-1','555-5555-5555','2020-06-04','0','2020-06-04 06:44:15');
INSERT INTO `ONLINE_MEMBER` (`MEMBER_NO`,`PASSWORD`,`NAME`,`AGE`,`SEX`,`ZIP`,`ADDRESS1`,`ADDRESS2`,`TEL`,`REGISTER_DATE`,`DELETE_FLG`,`LAST_UPD_DATE`) VALUES (26,'666','大阪府花子',36,'F','666-6666','大阪府','1-1-1','666-6666-6666','2020-06-04','0','2020-06-04 06:44:15');
INSERT INTO `ONLINE_MEMBER` (`MEMBER_NO`,`PASSWORD`,`NAME`,`AGE`,`SEX`,`ZIP`,`ADDRESS1`,`ADDRESS2`,`TEL`,`REGISTER_DATE`,`DELETE_FLG`,`LAST_UPD_DATE`) VALUES (27,'777','兵庫県花子',37,'F','777-7777','兵庫県','1-1-1','777-7777-7777','2020-06-04','0','2020-06-04 06:44:15');

-- ONLINE_ORDER
INSERT INTO `ONLINE_ORDER` (`ORDER_NO`,`MEMBER_NO`,`TOTAL_MONEY`,`TOTAL_TAX`,`ORDER_DATE`,`COLLECT_NO`,`LAST_UPD_DATE`) VALUES (1,1,7000,700,'2020-06-05','0000000000000001','2020-06-05 05:20:43');
INSERT INTO `ONLINE_ORDER` (`ORDER_NO`,`MEMBER_NO`,`TOTAL_MONEY`,`TOTAL_TAX`,`ORDER_DATE`,`COLLECT_NO`,`LAST_UPD_DATE`) VALUES (2,1,57000,5700,'2020-06-04','0000000000000002','2020-06-05 05:28:23');
INSERT INTO `ONLINE_ORDER` (`ORDER_NO`,`MEMBER_NO`,`TOTAL_MONEY`,`TOTAL_TAX`,`ORDER_DATE`,`COLLECT_NO`,`LAST_UPD_DATE`) VALUES (4,1,7000,700,'2020-06-05','0000000000000004','2020-06-05 05:29:26');
INSERT INTO `ONLINE_ORDER` (`ORDER_NO`,`MEMBER_NO`,`TOTAL_MONEY`,`TOTAL_TAX`,`ORDER_DATE`,`COLLECT_NO`,`LAST_UPD_DATE`) VALUES (5,2,45000,4500,'2020-06-05','0000000000000005','2020-06-05 05:29:49');
INSERT INTO `ONLINE_ORDER` (`ORDER_NO`,`MEMBER_NO`,`TOTAL_MONEY`,`TOTAL_TAX`,`ORDER_DATE`,`COLLECT_NO`,`LAST_UPD_DATE`) VALUES (6,2,15000,1500,'2020-06-05','0000000000000006','2020-06-05 05:30:10');
INSERT INTO `ONLINE_ORDER` (`ORDER_NO`,`MEMBER_NO`,`TOTAL_MONEY`,`TOTAL_TAX`,`ORDER_DATE`,`COLLECT_NO`,`LAST_UPD_DATE`) VALUES (7,2,4000,400,'2010-06-05','0000000000000007','2020-06-05 05:30:29');
INSERT INTO `ONLINE_ORDER` (`ORDER_NO`,`MEMBER_NO`,`TOTAL_MONEY`,`TOTAL_TAX`,`ORDER_DATE`,`COLLECT_NO`,`LAST_UPD_DATE`) VALUES (8,12,55000,5500,'2020-06-05','0000000000000008','2020-06-05 05:30:54');
INSERT INTO `ONLINE_ORDER` (`ORDER_NO`,`MEMBER_NO`,`TOTAL_MONEY`,`TOTAL_TAX`,`ORDER_DATE`,`COLLECT_NO`,`LAST_UPD_DATE`) VALUES (9,12,9000,900,'2020-06-05','0000000000000009','2020-06-05 05:31:16');
INSERT INTO `ONLINE_ORDER` (`ORDER_NO`,`MEMBER_NO`,`TOTAL_MONEY`,`TOTAL_TAX`,`ORDER_DATE`,`COLLECT_NO`,`LAST_UPD_DATE`) VALUES (10,12,4000,400,'2020-06-05','0000000000000010','2020-06-05 05:31:41');
INSERT INTO `ONLINE_ORDER` (`ORDER_NO`,`MEMBER_NO`,`TOTAL_MONEY`,`TOTAL_TAX`,`ORDER_DATE`,`COLLECT_NO`,`LAST_UPD_DATE`) VALUES (11,13,150000,15000,'2020-06-05','0000000000000011','2020-06-05 05:32:07');
INSERT INTO `ONLINE_ORDER` (`ORDER_NO`,`MEMBER_NO`,`TOTAL_MONEY`,`TOTAL_TAX`,`ORDER_DATE`,`COLLECT_NO`,`LAST_UPD_DATE`) VALUES (12,27,8000,800,'2020-06-05','0000000000000012','2020-06-05 05:56:30');
INSERT INTO `ONLINE_ORDER` (`ORDER_NO`,`MEMBER_NO`,`TOTAL_MONEY`,`TOTAL_TAX`,`ORDER_DATE`,`COLLECT_NO`,`LAST_UPD_DATE`) VALUES (13,27,1000,100,'2020-06-05','0000000000000013','2020-06-05 05:56:46');
INSERT INTO `ONLINE_ORDER` (`ORDER_NO`,`MEMBER_NO`,`TOTAL_MONEY`,`TOTAL_TAX`,`ORDER_DATE`,`COLLECT_NO`,`LAST_UPD_DATE`) VALUES (14,18,62000,6200,'2020-06-05','0000000000000014','2020-06-05 05:57:17');
INSERT INTO `ONLINE_ORDER` (`ORDER_NO`,`MEMBER_NO`,`TOTAL_MONEY`,`TOTAL_TAX`,`ORDER_DATE`,`COLLECT_NO`,`LAST_UPD_DATE`) VALUES (15,18,4000,400,'2020-06-05','0000000000000015','2020-06-05 05:57:32');
INSERT INTO `ONLINE_ORDER` (`ORDER_NO`,`MEMBER_NO`,`TOTAL_MONEY`,`TOTAL_TAX`,`ORDER_DATE`,`COLLECT_NO`,`LAST_UPD_DATE`) VALUES (16,11,54000,5400,'2020-06-05','0000000000000016','2020-06-05 05:58:02');
INSERT INTO `ONLINE_ORDER` (`ORDER_NO`,`MEMBER_NO`,`TOTAL_MONEY`,`TOTAL_TAX`,`ORDER_DATE`,`COLLECT_NO`,`LAST_UPD_DATE`) VALUES (17,11,1000,100,'2020-06-05','0000000000000017','2020-06-05 05:58:27');
INSERT INTO `ONLINE_ORDER` (`ORDER_NO`,`MEMBER_NO`,`TOTAL_MONEY`,`TOTAL_TAX`,`ORDER_DATE`,`COLLECT_NO`,`LAST_UPD_DATE`) VALUES (18,11,60000,6000,'2020-06-05','0000000000000018','2020-06-05 05:58:53');
INSERT INTO `ONLINE_ORDER` (`ORDER_NO`,`MEMBER_NO`,`TOTAL_MONEY`,`TOTAL_TAX`,`ORDER_DATE`,`COLLECT_NO`,`LAST_UPD_DATE`) VALUES (19,21,54000,5400,'2020-06-05','0000000000000019','2020-06-05 05:59:16');
INSERT INTO `ONLINE_ORDER` (`ORDER_NO`,`MEMBER_NO`,`TOTAL_MONEY`,`TOTAL_TAX`,`ORDER_DATE`,`COLLECT_NO`,`LAST_UPD_DATE`) VALUES (20,21,8000,800,'2020-06-05','0000000000000020','2020-06-05 05:59:49');
INSERT INTO `ONLINE_ORDER` (`ORDER_NO`,`MEMBER_NO`,`TOTAL_MONEY`,`TOTAL_TAX`,`ORDER_DATE`,`COLLECT_NO`,`LAST_UPD_DATE`) VALUES (21,21,2000,200,'2020-06-05','0000000000000021','2020-06-05 06:00:07');
INSERT INTO `ONLINE_ORDER` (`ORDER_NO`,`MEMBER_NO`,`TOTAL_MONEY`,`TOTAL_TAX`,`ORDER_DATE`,`COLLECT_NO`,`LAST_UPD_DATE`) VALUES (22,21,3000,300,'2020-06-05','0000000000000022','2020-06-05 06:00:51');


-- ONLINE_ORDER_LIST
INSERT INTO `ONLINE_ORDER_LIST` (`LIST_NO`,`COLLECT_NO`,`PRODUCT_CODE`,`ORDER_COUNT`,`ORDER_PRICE`) VALUES (1,'0000000000000001','00000000000007',1,1000);
INSERT INTO `ONLINE_ORDER_LIST` (`LIST_NO`,`COLLECT_NO`,`PRODUCT_CODE`,`ORDER_COUNT`,`ORDER_PRICE`) VALUES (2,'0000000000000001','00000000000008',1,1000);
INSERT INTO `ONLINE_ORDER_LIST` (`LIST_NO`,`COLLECT_NO`,`PRODUCT_CODE`,`ORDER_COUNT`,`ORDER_PRICE`) VALUES (3,'0000000000000001','00000000000009',2,1000);
INSERT INTO `ONLINE_ORDER_LIST` (`LIST_NO`,`COLLECT_NO`,`PRODUCT_CODE`,`ORDER_COUNT`,`ORDER_PRICE`) VALUES (4,'0000000000000001','00000000000010',3,1000);
INSERT INTO `ONLINE_ORDER_LIST` (`LIST_NO`,`COLLECT_NO`,`PRODUCT_CODE`,`ORDER_COUNT`,`ORDER_PRICE`) VALUES (5,'0000000000000002','00000000000008',50,1000);
INSERT INTO `ONLINE_ORDER_LIST` (`LIST_NO`,`COLLECT_NO`,`PRODUCT_CODE`,`ORDER_COUNT`,`ORDER_PRICE`) VALUES (6,'0000000000000002','00000000000009',4,1000);
INSERT INTO `ONLINE_ORDER_LIST` (`LIST_NO`,`COLLECT_NO`,`PRODUCT_CODE`,`ORDER_COUNT`,`ORDER_PRICE`) VALUES (7,'0000000000000002','00000000000010',3,1000);
INSERT INTO `ONLINE_ORDER_LIST` (`LIST_NO`,`COLLECT_NO`,`PRODUCT_CODE`,`ORDER_COUNT`,`ORDER_PRICE`) VALUES (10,'0000000000000004','00000000000005',3,1000);
INSERT INTO `ONLINE_ORDER_LIST` (`LIST_NO`,`COLLECT_NO`,`PRODUCT_CODE`,`ORDER_COUNT`,`ORDER_PRICE`) VALUES (11,'0000000000000004','00000000000006',4,1000);
INSERT INTO `ONLINE_ORDER_LIST` (`LIST_NO`,`COLLECT_NO`,`PRODUCT_CODE`,`ORDER_COUNT`,`ORDER_PRICE`) VALUES (12,'0000000000000005','00000000000019',4,5000);
INSERT INTO `ONLINE_ORDER_LIST` (`LIST_NO`,`COLLECT_NO`,`PRODUCT_CODE`,`ORDER_COUNT`,`ORDER_PRICE`) VALUES (13,'0000000000000005','00000000000020',4,5000);
INSERT INTO `ONLINE_ORDER_LIST` (`LIST_NO`,`COLLECT_NO`,`PRODUCT_CODE`,`ORDER_COUNT`,`ORDER_PRICE`) VALUES (14,'0000000000000005','00000000000021',1,5000);
INSERT INTO `ONLINE_ORDER_LIST` (`LIST_NO`,`COLLECT_NO`,`PRODUCT_CODE`,`ORDER_COUNT`,`ORDER_PRICE`) VALUES (15,'0000000000000006','00000000000033',4,3000);
INSERT INTO `ONLINE_ORDER_LIST` (`LIST_NO`,`COLLECT_NO`,`PRODUCT_CODE`,`ORDER_COUNT`,`ORDER_PRICE`) VALUES (16,'0000000000000006','00000000000034',1,3000);
INSERT INTO `ONLINE_ORDER_LIST` (`LIST_NO`,`COLLECT_NO`,`PRODUCT_CODE`,`ORDER_COUNT`,`ORDER_PRICE`) VALUES (17,'0000000000000007','00000000000010',4,1000);
INSERT INTO `ONLINE_ORDER_LIST` (`LIST_NO`,`COLLECT_NO`,`PRODUCT_CODE`,`ORDER_COUNT`,`ORDER_PRICE`) VALUES (18,'0000000000000008','00000000000008',4,1000);
INSERT INTO `ONLINE_ORDER_LIST` (`LIST_NO`,`COLLECT_NO`,`PRODUCT_CODE`,`ORDER_COUNT`,`ORDER_PRICE`) VALUES (19,'0000000000000008','00000000000009',1,1000);
INSERT INTO `ONLINE_ORDER_LIST` (`LIST_NO`,`COLLECT_NO`,`PRODUCT_CODE`,`ORDER_COUNT`,`ORDER_PRICE`) VALUES (20,'0000000000000008','00000000000010',50,1000);
INSERT INTO `ONLINE_ORDER_LIST` (`LIST_NO`,`COLLECT_NO`,`PRODUCT_CODE`,`ORDER_COUNT`,`ORDER_PRICE`) VALUES (21,'0000000000000009','00000000000031',3,3000);
INSERT INTO `ONLINE_ORDER_LIST` (`LIST_NO`,`COLLECT_NO`,`PRODUCT_CODE`,`ORDER_COUNT`,`ORDER_PRICE`) VALUES (22,'0000000000000010','00000000000009',4,1000);
INSERT INTO `ONLINE_ORDER_LIST` (`LIST_NO`,`COLLECT_NO`,`PRODUCT_CODE`,`ORDER_COUNT`,`ORDER_PRICE`) VALUES (23,'0000000000000011','00000000000004',50,1000);
INSERT INTO `ONLINE_ORDER_LIST` (`LIST_NO`,`COLLECT_NO`,`PRODUCT_CODE`,`ORDER_COUNT`,`ORDER_PRICE`) VALUES (24,'0000000000000011','00000000000005',50,1000);
INSERT INTO `ONLINE_ORDER_LIST` (`LIST_NO`,`COLLECT_NO`,`PRODUCT_CODE`,`ORDER_COUNT`,`ORDER_PRICE`) VALUES (25,'0000000000000011','00000000000006',50,1000);
INSERT INTO `ONLINE_ORDER_LIST` (`LIST_NO`,`COLLECT_NO`,`PRODUCT_CODE`,`ORDER_COUNT`,`ORDER_PRICE`) VALUES (26,'0000000000000012','00000000000009',4,1000);
INSERT INTO `ONLINE_ORDER_LIST` (`LIST_NO`,`COLLECT_NO`,`PRODUCT_CODE`,`ORDER_COUNT`,`ORDER_PRICE`) VALUES (27,'0000000000000012','00000000000010',4,1000);
INSERT INTO `ONLINE_ORDER_LIST` (`LIST_NO`,`COLLECT_NO`,`PRODUCT_CODE`,`ORDER_COUNT`,`ORDER_PRICE`) VALUES (28,'0000000000000013','00000000000009',1,1000);
INSERT INTO `ONLINE_ORDER_LIST` (`LIST_NO`,`COLLECT_NO`,`PRODUCT_CODE`,`ORDER_COUNT`,`ORDER_PRICE`) VALUES (29,'0000000000000014','00000000000006',50,1000);
INSERT INTO `ONLINE_ORDER_LIST` (`LIST_NO`,`COLLECT_NO`,`PRODUCT_CODE`,`ORDER_COUNT`,`ORDER_PRICE`) VALUES (30,'0000000000000014','00000000000007',4,1000);
INSERT INTO `ONLINE_ORDER_LIST` (`LIST_NO`,`COLLECT_NO`,`PRODUCT_CODE`,`ORDER_COUNT`,`ORDER_PRICE`) VALUES (31,'0000000000000014','00000000000008',4,1000);
INSERT INTO `ONLINE_ORDER_LIST` (`LIST_NO`,`COLLECT_NO`,`PRODUCT_CODE`,`ORDER_COUNT`,`ORDER_PRICE`) VALUES (32,'0000000000000014','00000000000009',4,1000);
INSERT INTO `ONLINE_ORDER_LIST` (`LIST_NO`,`COLLECT_NO`,`PRODUCT_CODE`,`ORDER_COUNT`,`ORDER_PRICE`) VALUES (33,'0000000000000015','00000000000008',4,1000);
INSERT INTO `ONLINE_ORDER_LIST` (`LIST_NO`,`COLLECT_NO`,`PRODUCT_CODE`,`ORDER_COUNT`,`ORDER_PRICE`) VALUES (34,'0000000000000016','00000000000009',50,1000);
INSERT INTO `ONLINE_ORDER_LIST` (`LIST_NO`,`COLLECT_NO`,`PRODUCT_CODE`,`ORDER_COUNT`,`ORDER_PRICE`) VALUES (35,'0000000000000016','00000000000010',4,1000);
INSERT INTO `ONLINE_ORDER_LIST` (`LIST_NO`,`COLLECT_NO`,`PRODUCT_CODE`,`ORDER_COUNT`,`ORDER_PRICE`) VALUES (36,'0000000000000017','00000000000009',1,1000);
INSERT INTO `ONLINE_ORDER_LIST` (`LIST_NO`,`COLLECT_NO`,`PRODUCT_CODE`,`ORDER_COUNT`,`ORDER_PRICE`) VALUES (37,'0000000000000018','00000000000020',4,5000);
INSERT INTO `ONLINE_ORDER_LIST` (`LIST_NO`,`COLLECT_NO`,`PRODUCT_CODE`,`ORDER_COUNT`,`ORDER_PRICE`) VALUES (38,'0000000000000018','00000000000021',4,5000);
INSERT INTO `ONLINE_ORDER_LIST` (`LIST_NO`,`COLLECT_NO`,`PRODUCT_CODE`,`ORDER_COUNT`,`ORDER_PRICE`) VALUES (39,'0000000000000018','00000000000022',4,5000);
INSERT INTO `ONLINE_ORDER_LIST` (`LIST_NO`,`COLLECT_NO`,`PRODUCT_CODE`,`ORDER_COUNT`,`ORDER_PRICE`) VALUES (40,'0000000000000019','00000000000009',4,1000);
INSERT INTO `ONLINE_ORDER_LIST` (`LIST_NO`,`COLLECT_NO`,`PRODUCT_CODE`,`ORDER_COUNT`,`ORDER_PRICE`) VALUES (41,'0000000000000019','00000000000010',50,1000);
INSERT INTO `ONLINE_ORDER_LIST` (`LIST_NO`,`COLLECT_NO`,`PRODUCT_CODE`,`ORDER_COUNT`,`ORDER_PRICE`) VALUES (42,'0000000000000020','00000000000007',4,1000);
INSERT INTO `ONLINE_ORDER_LIST` (`LIST_NO`,`COLLECT_NO`,`PRODUCT_CODE`,`ORDER_COUNT`,`ORDER_PRICE`) VALUES (43,'0000000000000020','00000000000008',4,1000);
INSERT INTO `ONLINE_ORDER_LIST` (`LIST_NO`,`COLLECT_NO`,`PRODUCT_CODE`,`ORDER_COUNT`,`ORDER_PRICE`) VALUES (44,'0000000000000021','00000000000009',1,1000);
INSERT INTO `ONLINE_ORDER_LIST` (`LIST_NO`,`COLLECT_NO`,`PRODUCT_CODE`,`ORDER_COUNT`,`ORDER_PRICE`) VALUES (45,'0000000000000021','00000000000010',1,1000);
INSERT INTO `ONLINE_ORDER_LIST` (`LIST_NO`,`COLLECT_NO`,`PRODUCT_CODE`,`ORDER_COUNT`,`ORDER_PRICE`) VALUES (46,'0000000000000022','00000000000005',3,1000);

-- ONLINE_CATEGORY
INSERT  INTO `ONLINE_CATEGORY`(`CTGR_ID`, `NAME`,`LAST_UPD_DATE`)VALUES (0,'サプリ',NULL );
INSERT  INTO `ONLINE_CATEGORY`(`CTGR_ID`, `NAME`,`LAST_UPD_DATE`)VALUES (1,'シューズ',NULL );
INSERT  INTO `ONLINE_CATEGORY`(`CTGR_ID`, `NAME`,`LAST_UPD_DATE`)VALUES (2,'アクセサリ',NULL );


-- ONLINE_PRODUCT
INSERT INTO `ONLINE_PRODUCT` (`PRODUCT_CODE`,`CATEGORY_ID`,`PRODUCT_NAME`,`MAKER`,`STOCK_COUNT`,`REGISTER_DATE`,`UNIT_PRICE`,`PICTURE_NAME`,`MEMO`,`DELETE_FLG`,`LAST_UPD_DATE`) VALUES ('00000000000001',0,'サプリA','A社',100,'2020-06-01',1111,'01.jpeg','サプリAです。サプリAです。サプリAです。サプリAです。サプリAです。サプリAです。サプリAです。サプリAです。サプリAです。サプリAです。','1','2020-06-01 09:06:39');
INSERT INTO `ONLINE_PRODUCT` (`PRODUCT_CODE`,`CATEGORY_ID`,`PRODUCT_NAME`,`MAKER`,`STOCK_COUNT`,`REGISTER_DATE`,`UNIT_PRICE`,`PICTURE_NAME`,`MEMO`,`DELETE_FLG`,`LAST_UPD_DATE`) VALUES ('00000000000002',0,'サプリB','B社',100,'2020-06-01',1000,'02.jpeg','サプリBです。サプリBです。サプリBです。サプリBです。サプリBです。サプリBです。サプリBです。サプリBです。サプリBです。サプリBです。','1','2020-06-01 09:07:54');
INSERT INTO `ONLINE_PRODUCT` (`PRODUCT_CODE`,`CATEGORY_ID`,`PRODUCT_NAME`,`MAKER`,`STOCK_COUNT`,`REGISTER_DATE`,`UNIT_PRICE`,`PICTURE_NAME`,`MEMO`,`DELETE_FLG`,`LAST_UPD_DATE`) VALUES ('00000000000003',0,'サプリC','C社',100,'2020-06-01',1000,'03.jpeg','サプリCです。サプリCです。サプリCです。サプリCです。サプリCです。サプリCです。サプリCです。サプリCです。サプリCです。','1','2020-06-01 09:07:54');
INSERT INTO `ONLINE_PRODUCT` (`PRODUCT_CODE`,`CATEGORY_ID`,`PRODUCT_NAME`,`MAKER`,`STOCK_COUNT`,`REGISTER_DATE`,`UNIT_PRICE`,`PICTURE_NAME`,`MEMO`,`DELETE_FLG`,`LAST_UPD_DATE`) VALUES ('00000000000004',0,'サプリD','D社',100,'2020-06-01',1000,'04.jpeg','サプリDです。サプリDです。サプリDです。サプリDです。サプリDです。サプリDです。サプリDです。サプリDです。サプリDです。サプリDです。サプリDです。','0','2020-06-01 09:32:14');
INSERT INTO `ONLINE_PRODUCT` (`PRODUCT_CODE`,`CATEGORY_ID`,`PRODUCT_NAME`,`MAKER`,`STOCK_COUNT`,`REGISTER_DATE`,`UNIT_PRICE`,`PICTURE_NAME`,`MEMO`,`DELETE_FLG`,`LAST_UPD_DATE`) VALUES ('00000000000005',0,'サプリE','E社',100,'2020-06-01',1000,'05.jpeg','サプリEです。サプリEです。サプリEです。サプリEです。サプリEです。サプリEです。サプリEです。サプリEです。サプリEです。サプリEです。','0','2020-06-01 09:32:14');
INSERT INTO `ONLINE_PRODUCT` (`PRODUCT_CODE`,`CATEGORY_ID`,`PRODUCT_NAME`,`MAKER`,`STOCK_COUNT`,`REGISTER_DATE`,`UNIT_PRICE`,`PICTURE_NAME`,`MEMO`,`DELETE_FLG`,`LAST_UPD_DATE`) VALUES ('00000000000006',0,'サプリF','F社',100,'2020-06-01',1000,'06.jpeg','サプリFです。サプリFです。サプリFです。サプリFです。サプリFです。サプリFです。サプリFです。サプリFです。サプリFです。サプリFです。サプリFです。','0','2020-06-01 09:32:15');
INSERT INTO `ONLINE_PRODUCT` (`PRODUCT_CODE`,`CATEGORY_ID`,`PRODUCT_NAME`,`MAKER`,`STOCK_COUNT`,`REGISTER_DATE`,`UNIT_PRICE`,`PICTURE_NAME`,`MEMO`,`DELETE_FLG`,`LAST_UPD_DATE`) VALUES ('00000000000007',0,'サプリG','G社',100,'2020-06-01',1000,'07.jpeg','サプリGです。サプリGです。サプリGです。サプリGです。サプリGです。サプリGです。サプリGです。サプリGです。サプリGです。サプリGです。','0','2020-06-01 09:32:15');
INSERT INTO `ONLINE_PRODUCT` (`PRODUCT_CODE`,`CATEGORY_ID`,`PRODUCT_NAME`,`MAKER`,`STOCK_COUNT`,`REGISTER_DATE`,`UNIT_PRICE`,`PICTURE_NAME`,`MEMO`,`DELETE_FLG`,`LAST_UPD_DATE`) VALUES ('00000000000008',0,'サプリH','H社',100,'2020-06-01',1000,'08.jpeg','サプリHです。サプリHです。サプリHです。サプリHです。サプリHです。サプリHです。サプリHです。サプリHです。サプリHです。サプリHです。サプリHです。サプリHです。','0','2020-06-01 09:32:15');
INSERT INTO `ONLINE_PRODUCT` (`PRODUCT_CODE`,`CATEGORY_ID`,`PRODUCT_NAME`,`MAKER`,`STOCK_COUNT`,`REGISTER_DATE`,`UNIT_PRICE`,`PICTURE_NAME`,`MEMO`,`DELETE_FLG`,`LAST_UPD_DATE`) VALUES ('00000000000009',0,'サプリI','I社',100,'2020-06-01',1000,'09.jpeg','サプリIです。サプリIです。サプリIです。サプリIです。サプリIです。サプリIです。サプリIです。サプリIです。サプリIです。サプリIです。サプリIです。サプリIです。','0','2020-06-01 09:32:16');
INSERT INTO `ONLINE_PRODUCT` (`PRODUCT_CODE`,`CATEGORY_ID`,`PRODUCT_NAME`,`MAKER`,`STOCK_COUNT`,`REGISTER_DATE`,`UNIT_PRICE`,`PICTURE_NAME`,`MEMO`,`DELETE_FLG`,`LAST_UPD_DATE`) VALUES ('00000000000010',0,'サプリJ','J社',100,'2020-06-01',1000,'10.jpeg','サプリJです。サプリJです。サプリJです。サプリJです。サプリJです。サプリJです。サプリJです。サプリJです。サプリJです。サプリJです。サプリJです。','0','2020-06-01 09:32:16');
INSERT INTO `ONLINE_PRODUCT` (`PRODUCT_CODE`,`CATEGORY_ID`,`PRODUCT_NAME`,`MAKER`,`STOCK_COUNT`,`REGISTER_DATE`,`UNIT_PRICE`,`PICTURE_NAME`,`MEMO`,`DELETE_FLG`,`LAST_UPD_DATE`) VALUES ('00000000000011',0,'サプリK','K社',100,'2020-06-01',1000,'11.jpeg','サプリKです。サプリKです。サプリKです。サプリKです。サプリKです。サプリKです。サプリKです。サプリKです。サプリKです。サプリKです。サプリKです。','0','2020-06-01 09:32:16');
INSERT INTO `ONLINE_PRODUCT` (`PRODUCT_CODE`,`CATEGORY_ID`,`PRODUCT_NAME`,`MAKER`,`STOCK_COUNT`,`REGISTER_DATE`,`UNIT_PRICE`,`PICTURE_NAME`,`MEMO`,`DELETE_FLG`,`LAST_UPD_DATE`) VALUES ('00000000000012',0,'サプリL','L社',100,'2020-06-01',1000,'12.jpeg','サプリLです。サプリLです。サプリLです。サプリLです。サプリLです。サプリLです。サプリLです。サプリLです。サプリLです。サプリLです。サプリLです。サプリLです。サプリLです。','0','2020-06-01 09:32:17');
INSERT INTO `ONLINE_PRODUCT` (`PRODUCT_CODE`,`CATEGORY_ID`,`PRODUCT_NAME`,`MAKER`,`STOCK_COUNT`,`REGISTER_DATE`,`UNIT_PRICE`,`PICTURE_NAME`,`MEMO`,`DELETE_FLG`,`LAST_UPD_DATE`) VALUES ('00000000000013',1,'シューズA','A社',10,'2020-06-01',5000,'13.jpeg','シューズAです。シューズAです。シューズAです。シューズAです。シューズAです。シューズAです。シューズAです。シューズAです。シューズAです。シューズAです。シューズAです。','0','2020-06-01 09:32:17');
INSERT INTO `ONLINE_PRODUCT` (`PRODUCT_CODE`,`CATEGORY_ID`,`PRODUCT_NAME`,`MAKER`,`STOCK_COUNT`,`REGISTER_DATE`,`UNIT_PRICE`,`PICTURE_NAME`,`MEMO`,`DELETE_FLG`,`LAST_UPD_DATE`) VALUES ('00000000000014',1,'シューズB','B社',10,'2020-06-01',5000,'14.jpeg','シューズBです。シューズBです。シューズBです。シューズBです。シューズBです。シューズBです。シューズBです。シューズBです。シューズBです。シューズBです。シューズです。シューズです。','0','2020-06-01 09:32:17');
INSERT INTO `ONLINE_PRODUCT` (`PRODUCT_CODE`,`CATEGORY_ID`,`PRODUCT_NAME`,`MAKER`,`STOCK_COUNT`,`REGISTER_DATE`,`UNIT_PRICE`,`PICTURE_NAME`,`MEMO`,`DELETE_FLG`,`LAST_UPD_DATE`) VALUES ('00000000000015',1,'シューズC','C社',10,'2020-06-01',5000,'15.jpeg','シューズCです。シューズCです。シューズCです。シューズCです。シューズCです。シューズCです。シューズCです。シューズCです。シューズCです。シューズCです。シューズCです。','0','2020-06-01 09:32:18');
INSERT INTO `ONLINE_PRODUCT` (`PRODUCT_CODE`,`CATEGORY_ID`,`PRODUCT_NAME`,`MAKER`,`STOCK_COUNT`,`REGISTER_DATE`,`UNIT_PRICE`,`PICTURE_NAME`,`MEMO`,`DELETE_FLG`,`LAST_UPD_DATE`) VALUES ('00000000000016',1,'シューズD','D社',10,'2020-06-02',5000,'16.jpeg','シューズDです。シューズDです。シューズDです。シューズDです。シューズDです。シューズDです。シューズDです。シューズDです。シューズDです。','0',NULL);
INSERT INTO `ONLINE_PRODUCT` (`PRODUCT_CODE`,`CATEGORY_ID`,`PRODUCT_NAME`,`MAKER`,`STOCK_COUNT`,`REGISTER_DATE`,`UNIT_PRICE`,`PICTURE_NAME`,`MEMO`,`DELETE_FLG`,`LAST_UPD_DATE`) VALUES ('00000000000017',1,'シューズE','E社',10,'2020-06-02',5000,'17.jpeg','シューズEです。シューズEです。シューズEです。シューズEです。シューズEです。シューズEです。シューズEです。シューズEです。シューズEです。','0',NULL);
INSERT INTO `ONLINE_PRODUCT` (`PRODUCT_CODE`,`CATEGORY_ID`,`PRODUCT_NAME`,`MAKER`,`STOCK_COUNT`,`REGISTER_DATE`,`UNIT_PRICE`,`PICTURE_NAME`,`MEMO`,`DELETE_FLG`,`LAST_UPD_DATE`) VALUES ('00000000000018',1,'シューズF','F社',10,'2020-06-02',5000,'18.jpeg','シューズFです。シューズFです。シューズFです。シューズFです。シューズFです。シューズFです。シューズFです。シューズFです。シューズFです。シューズFです。','0',NULL);
INSERT INTO `ONLINE_PRODUCT` (`PRODUCT_CODE`,`CATEGORY_ID`,`PRODUCT_NAME`,`MAKER`,`STOCK_COUNT`,`REGISTER_DATE`,`UNIT_PRICE`,`PICTURE_NAME`,`MEMO`,`DELETE_FLG`,`LAST_UPD_DATE`) VALUES ('00000000000019',1,'シューズG','G社',10,'2020-06-02',5000,'19.jpeg','シューズGです。シューズGです。シューズGです。シューズGです。シューズGです。シューズGです。シューズGです。シューズGです。シューズGです。シューズGです。シューズGです。','0',NULL);
INSERT INTO `ONLINE_PRODUCT` (`PRODUCT_CODE`,`CATEGORY_ID`,`PRODUCT_NAME`,`MAKER`,`STOCK_COUNT`,`REGISTER_DATE`,`UNIT_PRICE`,`PICTURE_NAME`,`MEMO`,`DELETE_FLG`,`LAST_UPD_DATE`) VALUES ('00000000000020',1,'シューズH','H社',10,'2020-06-02',5000,'20.jpeg','シューズHです。シューズHです。シューズHです。シューズHです。シューズHです。シューズHです。シューズHです。シューズHです。シューズHです。シューズHです。シューズHです。','0',NULL);
INSERT INTO `ONLINE_PRODUCT` (`PRODUCT_CODE`,`CATEGORY_ID`,`PRODUCT_NAME`,`MAKER`,`STOCK_COUNT`,`REGISTER_DATE`,`UNIT_PRICE`,`PICTURE_NAME`,`MEMO`,`DELETE_FLG`,`LAST_UPD_DATE`) VALUES ('00000000000021',1,'シューズI','I社',10,'2020-06-02',5000,'21.jpeg','シューズIです。シューズIです。シューズIです。シューズIです。シューズIです。シューズIです。シューズIです。シューズIです。シューズIです。シューズIです。','0',NULL);
INSERT INTO `ONLINE_PRODUCT` (`PRODUCT_CODE`,`CATEGORY_ID`,`PRODUCT_NAME`,`MAKER`,`STOCK_COUNT`,`REGISTER_DATE`,`UNIT_PRICE`,`PICTURE_NAME`,`MEMO`,`DELETE_FLG`,`LAST_UPD_DATE`) VALUES ('00000000000022',1,'シューズJ','J社',10,'2020-06-02',5000,'22.jpeg','シューズJです。シューズJです。シューズJです。シューズJです。シューズJです。シューズJです。シューズJです。シューズJです。シューズJです。シューズJです。','0',NULL);
INSERT INTO `ONLINE_PRODUCT` (`PRODUCT_CODE`,`CATEGORY_ID`,`PRODUCT_NAME`,`MAKER`,`STOCK_COUNT`,`REGISTER_DATE`,`UNIT_PRICE`,`PICTURE_NAME`,`MEMO`,`DELETE_FLG`,`LAST_UPD_DATE`) VALUES ('00000000000023',1,'シューズK','K社',10,'2020-06-02',5000,'23.jpeg','シューズKです。シューズKです。シューズKです。シューズKです。シューズKです。シューズKです。シューズKです。シューズKです。シューズKです。シューズKです。','0',NULL);
INSERT INTO `ONLINE_PRODUCT` (`PRODUCT_CODE`,`CATEGORY_ID`,`PRODUCT_NAME`,`MAKER`,`STOCK_COUNT`,`REGISTER_DATE`,`UNIT_PRICE`,`PICTURE_NAME`,`MEMO`,`DELETE_FLG`,`LAST_UPD_DATE`) VALUES ('00000000000024',1,'シューズL','L社',10,'2020-06-02',5000,'24.jpeg','シューズLです。シューズLです。シューズLです。シューズLです。シューズLです。シューズLです。シューズLです。シューズLです。シューズLです。シューズLです。シューズLです。','0',NULL);
INSERT INTO `ONLINE_PRODUCT` (`PRODUCT_CODE`,`CATEGORY_ID`,`PRODUCT_NAME`,`MAKER`,`STOCK_COUNT`,`REGISTER_DATE`,`UNIT_PRICE`,`PICTURE_NAME`,`MEMO`,`DELETE_FLG`,`LAST_UPD_DATE`) VALUES ('00000000000025',2,'アクセサリA','A社',5,'2020-06-02',3000,'25.jpeg','アクセサリAです。アクセサリAです。アクセサリAです。アクセサリAです。アクセサリAです。アクセサリAです。アクセサリAです。アクセサリAです。アクセサリAです。アクセサリAです。','0',NULL);
INSERT INTO `ONLINE_PRODUCT` (`PRODUCT_CODE`,`CATEGORY_ID`,`PRODUCT_NAME`,`MAKER`,`STOCK_COUNT`,`REGISTER_DATE`,`UNIT_PRICE`,`PICTURE_NAME`,`MEMO`,`DELETE_FLG`,`LAST_UPD_DATE`) VALUES ('00000000000026',2,'アクセサリB','B社',5,'2020-06-02',3000,'26.jpeg','アクセサリBです。アクセサリBです。アクセサリBです。アクセサリBです。アクセサリBです。アクセサリBです。アクセサリBです。アクセサリBです。アクセサリBです。アクセサリBです。アクセサリBです。アクセサリBです。アクセサリBです。','0',NULL);
INSERT INTO `ONLINE_PRODUCT` (`PRODUCT_CODE`,`CATEGORY_ID`,`PRODUCT_NAME`,`MAKER`,`STOCK_COUNT`,`REGISTER_DATE`,`UNIT_PRICE`,`PICTURE_NAME`,`MEMO`,`DELETE_FLG`,`LAST_UPD_DATE`) VALUES ('00000000000027',2,'アクセサリC','C社',5,'2020-06-02',3000,'27.jpeg','アクセサリCです。アクセサリCです。アクセサリCです。アクセサリCです。アクセサリCです。アクセサリCです。アクセサリCです。アクセサリCです。アクセサリCです。アクセサリCです。アクセサリCです。','0',NULL);
INSERT INTO `ONLINE_PRODUCT` (`PRODUCT_CODE`,`CATEGORY_ID`,`PRODUCT_NAME`,`MAKER`,`STOCK_COUNT`,`REGISTER_DATE`,`UNIT_PRICE`,`PICTURE_NAME`,`MEMO`,`DELETE_FLG`,`LAST_UPD_DATE`) VALUES ('00000000000028',2,'アクセサリD','D社',5,'2020-06-02',3000,'28.jpeg','アクセサリDです。アクセサリDです。アクセサリDです。アクセサリDです。アクセサリDです。アクセサリDです。アクセサリDです。アクセサリDです。アクセサリDです。アクセサリDです。アクセサリDです。アクセサリDです。アクセサリDです。','0',NULL);
INSERT INTO `ONLINE_PRODUCT` (`PRODUCT_CODE`,`CATEGORY_ID`,`PRODUCT_NAME`,`MAKER`,`STOCK_COUNT`,`REGISTER_DATE`,`UNIT_PRICE`,`PICTURE_NAME`,`MEMO`,`DELETE_FLG`,`LAST_UPD_DATE`) VALUES ('00000000000029',2,'アクセサリE','E社',5,'2020-06-02',3000,'29.jpeg','アクセサリEです。アクセサリEです。アクセサリEです。アクセサリEです。アクセサリEです。アクセサリEです。アクセサリEです。アクセサリEです。アクセサリEです。アクセサリEです。','0',NULL);
INSERT INTO `ONLINE_PRODUCT` (`PRODUCT_CODE`,`CATEGORY_ID`,`PRODUCT_NAME`,`MAKER`,`STOCK_COUNT`,`REGISTER_DATE`,`UNIT_PRICE`,`PICTURE_NAME`,`MEMO`,`DELETE_FLG`,`LAST_UPD_DATE`) VALUES ('00000000000030',2,'アクセサリF','F社',5,'2020-06-02',3000,'30.jpeg','アクセサリFです。アクセサリFです。アクセサリFです。アクセサリFです。アクセサリFです。アクセサリFです。アクセサリFです。アクセサリFです。アクセサリFです。アクセサリFです。アクセサリFです。','0',NULL);
INSERT INTO `ONLINE_PRODUCT` (`PRODUCT_CODE`,`CATEGORY_ID`,`PRODUCT_NAME`,`MAKER`,`STOCK_COUNT`,`REGISTER_DATE`,`UNIT_PRICE`,`PICTURE_NAME`,`MEMO`,`DELETE_FLG`,`LAST_UPD_DATE`) VALUES ('00000000000031',2,'アクセサリG','G社',5,'2020-06-02',3000,'31.jpeg','アクセサリGです。アクセサリGです。アクセサリGです。アクセサリGです。アクセサリGです。アクセサリGです。アクセサリGです。アクセサリGです。アクセサリGです。アクセサリGです。','0',NULL);
INSERT INTO `ONLINE_PRODUCT` (`PRODUCT_CODE`,`CATEGORY_ID`,`PRODUCT_NAME`,`MAKER`,`STOCK_COUNT`,`REGISTER_DATE`,`UNIT_PRICE`,`PICTURE_NAME`,`MEMO`,`DELETE_FLG`,`LAST_UPD_DATE`) VALUES ('00000000000032',2,'アクセサリH','H社',5,'2020-06-02',3000,'32.jpeg','アクセサリHです。アクセサリHです。アクセサリHです。アクセサリHです。アクセサリHです。アクセサリHです。アクセサリHです。アクセサリHです。アクセサリHです。アクセサリHです。','0',NULL);
INSERT INTO `ONLINE_PRODUCT` (`PRODUCT_CODE`,`CATEGORY_ID`,`PRODUCT_NAME`,`MAKER`,`STOCK_COUNT`,`REGISTER_DATE`,`UNIT_PRICE`,`PICTURE_NAME`,`MEMO`,`DELETE_FLG`,`LAST_UPD_DATE`) VALUES ('00000000000033',2,'アクセサリI','I社',5,'2020-06-02',3000,'33.jpeg','アクセサリIです。アクセサリIです。アクセサリIです。アクセサリIです。アクセサリIです。アクセサリIです。アクセサリIです。アクセサリIです。アクセサリIです。アクセサリIです。','0',NULL);
INSERT INTO `ONLINE_PRODUCT` (`PRODUCT_CODE`,`CATEGORY_ID`,`PRODUCT_NAME`,`MAKER`,`STOCK_COUNT`,`REGISTER_DATE`,`UNIT_PRICE`,`PICTURE_NAME`,`MEMO`,`DELETE_FLG`,`LAST_UPD_DATE`) VALUES ('00000000000034',2,'アクセサリJ','J社',5,'2020-06-02',3000,'34.jpeg','アクセサリJです。アクセサリJです。アクセサリJです。アクセサリJです。アクセサリJです。アクセサリJです。アクセサリJです。アクセサリJです。アクセサリJです。アクセサリJです。アクセサリJです。','0',NULL);
INSERT INTO `ONLINE_PRODUCT` (`PRODUCT_CODE`,`CATEGORY_ID`,`PRODUCT_NAME`,`MAKER`,`STOCK_COUNT`,`REGISTER_DATE`,`UNIT_PRICE`,`PICTURE_NAME`,`MEMO`,`DELETE_FLG`,`LAST_UPD_DATE`) VALUES ('00000000000035',2,'アクセサリK','K社',5,'2020-06-02',3000,'35.jpeg','アクセサリKです。アクセサリKです。アクセサリKです。アクセサリKです。アクセサリKです。アクセサリKです。アクセサリKです。アクセサリKです。アクセサリKです。','0',NULL);
INSERT INTO `ONLINE_PRODUCT` (`PRODUCT_CODE`,`CATEGORY_ID`,`PRODUCT_NAME`,`MAKER`,`STOCK_COUNT`,`REGISTER_DATE`,`UNIT_PRICE`,`PICTURE_NAME`,`MEMO`,`DELETE_FLG`,`LAST_UPD_DATE`) VALUES ('00000000000036',2,'アクセサリL','L社',5,'2020-06-02',3000,'36.jpeg','アクセサリLです。アクセサリLです。アクセサリLです。アクセサリLです。アクセサリLです。アクセサリLです。アクセサリLです。アクセサリLです。アクセサリLです。アクセサリLです。アクセサリLです。','0',NULL);

-- ONLINE_STAFF
INSERT INTO `ONLINE_STAFF` (`STAFF_NO`,`PASSWORD`,`NAME`,`AGE`,`SEX`,`REGISTER_DATE`,`LAST_UPD_DATE`) VALUES (1,'111','SAITO',22,'M','2020-06-05','2020-06-05 05:36:44');
INSERT INTO `ONLINE_STAFF` (`STAFF_NO`,`PASSWORD`,`NAME`,`AGE`,`SEX`,`REGISTER_DATE`,`LAST_UPD_DATE`) VALUES (2,'222','サイトウ',22,'F','2020-06-05','2020-06-05 05:36:44');
